令和６年,社会福祉施設等調査　　令和６年１０月１日,,
第１表　（基本票）社会福祉施設等数，国－都道府県、施設の種類・経営主体の公営－私営別
　　　
,総数,総数,総数,保護施設,保護施設,保護施設,保護施設,保護施設,保護施設,保護施設,保護施設,保護施設,保護施設,保護施設,保護施設,保護施設,保護施設,保護施設,保護施設,保護施設,保護施設,老人福祉施設,老人福祉施設,老人福祉施設,老人福祉施設,老人福祉施設,老人福祉施設,老人福祉施設,老人福祉施設,老人福祉施設,老人福祉施設,老人福祉施設,老人福祉施設,老人福祉施設,老人福祉施設,老人福祉施設,老人福祉施設,老人福祉施設,老人福祉施設,老人福祉施設,老人福祉施設,老人福祉施設,老人福祉施設,老人福祉施設,老人福祉施設,老人福祉施設,老人福祉施設,老人福祉施設,老人福祉施設,老人福祉施設,老人福祉施設,障害者支援施設等,障害者支援施設等,障害者支援施設等,障害者支援施設等,障害者支援施設等,障害者支援施設等,障害者支援施設等,障害者支援施設等,障害者支援施設等,障害者支援施設等,障害者支援施設等,障害者支援施設等,身体障害者社会参加支援施設,身体障害者社会参加支援施設,身体障害者社会参加支援施設,身体障害者社会参加支援施設,身体障害者社会参加支援施設,身体障害者社会参加支援施設,身体障害者社会参加支援施設,身体障害者社会参加支援施設,身体障害者社会参加支援施設,身体障害者社会参加支援施設,身体障害者社会参加支援施設,身体障害者社会参加支援施設,身体障害者社会参加支援施設,身体障害者社会参加支援施設,身体障害者社会参加支援施設,身体障害者社会参加支援施設,身体障害者社会参加支援施設,身体障害者社会参加支援施設,身体障害者社会参加支援施設,身体障害者社会参加支援施設,身体障害者社会参加支援施設,身体障害者社会参加支援施設,身体障害者社会参加支援施設,身体障害者社会参加支援施設,身体障害者社会参加支援施設,身体障害者社会参加支援施設,身体障害者社会参加支援施設,女性自立支援施設,女性自立支援施設,女性自立支援施設,児童福祉施設等,児童福祉施設等,児童福祉施設等,児童福祉施設等,児童福祉施設等,児童福祉施設等,児童福祉施設等,児童福祉施設等,児童福祉施設等,児童福祉施設等,児童福祉施設等,児童福祉施設等,児童福祉施設等,児童福祉施設等,児童福祉施設等,児童福祉施設等,児童福祉施設等,児童福祉施設等,児童福祉施設等,児童福祉施設等,児童福祉施設等,児童福祉施設等,児童福祉施設等,児童福祉施設等,児童福祉施設等,児童福祉施設等,児童福祉施設等,児童福祉施設等,児童福祉施設等,児童福祉施設等,児童福祉施設等,児童福祉施設等,児童福祉施設等,児童福祉施設等,児童福祉施設等,児童福祉施設等,児童福祉施設等,児童福祉施設等,児童福祉施設等,児童福祉施設等,児童福祉施設等,児童福祉施設等,児童福祉施設等,児童福祉施設等,児童福祉施設等,児童福祉施設等,児童福祉施設等,児童福祉施設等,児童福祉施設等,児童福祉施設等,児童福祉施設等,児童福祉施設等,児童福祉施設等,児童福祉施設等,児童福祉施設等,児童福祉施設等,児童福祉施設等,児童福祉施設等,児童福祉施設等,児童福祉施設等,児童福祉施設等,児童福祉施設等,児童福祉施設等,児童福祉施設等,児童福祉施設等,児童福祉施設等,児童福祉施設等,児童福祉施設等,児童福祉施設等,児童福祉施設等,児童福祉施設等,児童福祉施設等,児童福祉施設等,児童福祉施設等,児童福祉施設等,児童福祉施設等,児童福祉施設等,児童福祉施設等,児童福祉施設等,児童福祉施設等,児童福祉施設等,児童福祉施設等,児童福祉施設等,児童福祉施設等,児童福祉施設等,児童福祉施設等,児童福祉施設等,母子・父子福祉施設,母子・父子福祉施設,母子・父子福祉施設,母子・父子福祉施設,母子・父子福祉施設,母子・父子福祉施設,母子・父子福祉施設,母子・父子福祉施設,母子・父子福祉施設,その他の社会福祉施設等,その他の社会福祉施設等,その他の社会福祉施設等,その他の社会福祉施設等,その他の社会福祉施設等,その他の社会福祉施設等,その他の社会福祉施設等,その他の社会福祉施設等,その他の社会福祉施設等,その他の社会福祉施設等,その他の社会福祉施設等,その他の社会福祉施設等,その他の社会福祉施設等,その他の社会福祉施設等,その他の社会福祉施設等,その他の社会福祉施設等,その他の社会福祉施設等,その他の社会福祉施設等,その他の社会福祉施設等,その他の社会福祉施設等,その他の社会福祉施設等,その他の社会福祉施設等,その他の社会福祉施設等,その他の社会福祉施設等,その他の社会福祉施設等,その他の社会福祉施設等,その他の社会福祉施設等
,,,,総数,総数,総数,0010救護施設,0010救護施設,0010救護施設,0020更生施設,0020更生施設,0020更生施設,0030医療保護施設,0030医療保護施設,0030医療保護施設,0040授産施設,0040授産施設,0040授産施設,0050宿所提供施設,0050宿所提供施設,0050宿所提供施設,総数,総数,総数,0060養護老人ホーム（一般）,0060養護老人ホーム（一般）,0060養護老人ホーム（一般）,0070養護老人ホーム（盲）,0070養護老人ホーム（盲）,0070養護老人ホーム（盲）,0080軽費老人ホームＡ型,0080軽費老人ホームＡ型,0080軽費老人ホームＡ型,0090軽費老人ホームＢ型,0090軽費老人ホームＢ型,0090軽費老人ホームＢ型,0100軽費老人ホーム（ケアハウス）,0100軽費老人ホーム（ケアハウス）,0100軽費老人ホーム（ケアハウス）,0140都市型軽費老人ホーム,0140都市型軽費老人ホーム,0140都市型軽費老人ホーム,0110老人福祉センター（特Ａ型）,0110老人福祉センター（特Ａ型）,0110老人福祉センター（特Ａ型）,0120老人福祉センター（Ａ型）,0120老人福祉センター（Ａ型）,0120老人福祉センター（Ａ型）,0130老人福祉センター（Ｂ型）,0130老人福祉センター（Ｂ型）,0130老人福祉センター（Ｂ型）,総数,総数,総数,0910障害者支援施設,0910障害者支援施設,0910障害者支援施設,0920地域活動支援センター,0920地域活動支援センター,0920地域活動支援センター,0930福祉ホーム,0930福祉ホーム,0930福祉ホーム,総数,総数,総数,0270身体障害者福祉センター（Ａ型）,0270身体障害者福祉センター（Ａ型）,0270身体障害者福祉センター（Ａ型）,0280身体障害者福祉センター（Ｂ型）,0280身体障害者福祉センター（Ｂ型）,0280身体障害者福祉センター（Ｂ型）,0300障害者更生センター,0300障害者更生センター,0300障害者更生センター,0310補装具製作施設,0310補装具製作施設,0310補装具製作施設,0320盲導犬訓練施設,0320盲導犬訓練施設,0320盲導犬訓練施設,0330点字図書館,0330点字図書館,0330点字図書館,0340点字出版施設,0340点字出版施設,0340点字出版施設,0350聴覚障害者情報提供施設,0350聴覚障害者情報提供施設,0350聴覚障害者情報提供施設,総数,総数,総数,総数,総数,総数,0370助産施設,0370助産施設,0370助産施設,0380乳児院,0380乳児院,0380乳児院,0390母子生活支援施設,0390母子生活支援施設,0390母子生活支援施設,0400保育所等,0400保育所等,0400保育所等,0400保育所等,0400保育所等,0400保育所等,0400保育所等,0400保育所等,0400保育所等,0401地域型保育事業所,0401地域型保育事業所,0401地域型保育事業所,0401地域型保育事業所,0401地域型保育事業所,0401地域型保育事業所,0401地域型保育事業所,0401地域型保育事業所,0401地域型保育事業所,0401地域型保育事業所,0401地域型保育事業所,0401地域型保育事業所,0401地域型保育事業所,0401地域型保育事業所,0401地域型保育事業所,0401地域型保育事業所,0401地域型保育事業所,0401地域型保育事業所,0401地域型保育事業所,0401地域型保育事業所,0401地域型保育事業所,0410児童養護施設,0410児童養護施設,0410児童養護施設,0950障害児入所施設（福祉型）,0950障害児入所施設（福祉型）,0950障害児入所施設（福祉型）,0960障害児入所施設（医療型）,0960障害児入所施設（医療型）,0960障害児入所施設（医療型）,0990児童発達支援センター,0990児童発達支援センター,0990児童発達支援センター,0520児童心理治療施設,0520児童心理治療施設,0520児童心理治療施設,0530児童自立支援施設,0530児童自立支援施設,0530児童自立支援施設,0540児童家庭支援センター,0540児童家庭支援センター,0540児童家庭支援センター,0620里親支援センター,0620里親支援センター,0620里親支援センター,0550小型児童館,0550小型児童館,0550小型児童館,0560児童センター,0560児童センター,0560児童センター,0570大型児童館Ａ型,0570大型児童館Ａ型,0570大型児童館Ａ型,0580大型児童館Ｂ型,0580大型児童館Ｂ型,0580大型児童館Ｂ型,0590大型児童館Ｃ型,0590大型児童館Ｃ型,0590大型児童館Ｃ型,0600その他の児童館,0600その他の児童館,0600その他の児童館,0610児童遊園,0610児童遊園,0610児童遊園,総数,総数,総数,0710母子・父子福祉センター,0710母子・父子福祉センター,0710母子・父子福祉センター,0720母子・父子休養ホーム,0720母子・父子休養ホーム,0720母子・父子休養ホーム,総数,総数,総数,0800授産施設,0800授産施設,0800授産施設,0810無料低額宿泊所,0810無料低額宿泊所,0810無料低額宿泊所,0820盲人ホーム,0820盲人ホーム,0820盲人ホーム,0840隣保館,0840隣保館,0840隣保館,0850へき地保健福祉館,0850へき地保健福祉館,0850へき地保健福祉館,0860日常生活支援住居施設,0860日常生活支援住居施設,0860日常生活支援住居施設,0900有料老人ホーム（サービス付き高齢者向け住宅以外）,0900有料老人ホーム（サービス付き高齢者向け住宅以外）,0900有料老人ホーム（サービス付き高齢者向け住宅以外）,0901有料老人ホーム（サービス付き高齢者向け住宅であるもの）,0901有料老人ホーム（サービス付き高齢者向け住宅であるもの）,0901有料老人ホーム（サービス付き高齢者向け住宅であるもの）
,,,,,,,,,,,,,,,,,,,,,,,,,,,,,,,,,,,,,,,,,,,,,,,,,,,,,,,,,,,,,,,,,,,,,,,,,,,,,,,,,,,,,,,,,,,,,,,,,,,,,,,,,,総数,総数,総数,保育所型認定こども園,保育所型認定こども園,保育所型認定こども園,保育所,保育所,保育所,総数,総数,総数,小規模保育事業所Ａ型,小規模保育事業所Ａ型,小規模保育事業所Ａ型,小規模保育事業所Ｂ型,小規模保育事業所Ｂ型,小規模保育事業所Ｂ型,小規模保育事業所Ｃ型,小規模保育事業所Ｃ型,小規模保育事業所Ｃ型,家庭的保育事業所,家庭的保育事業所,家庭的保育事業所,居宅訪問型保育事業所,居宅訪問型保育事業所,居宅訪問型保育事業所,事業所内保育事業所,事業所内保育事業所,事業所内保育事業所,,,,,,,,,,,,,,,,,,,,,,,,,,,,,,,,,,,,,,,,,,,,,,,,,,,,,,,,,,,,,,,,,,,,,,,,,,,,,,,,,
,総数,公営,私営,総数,公営,私営,総数,公営,私営,総数,公営,私営,総数,公営,私営,総数,公営,私営,総数,公営,私営,総数,公営,私営,総数,公営,私営,総数,公営,私営,総数,公営,私営,総数,公営,私営,総数,公営,私営,総数,公営,私営,総数,公営,私営,総数,公営,私営,総数,公営,私営,総数,公営,私営,総数,公営,私営,総数,公営,私営,総数,公営,私営,総数,公営,私営,総数,公営,私営,総数,公営,私営,総数,公営,私営,総数,公営,私営,総数,公営,私営,総数,公営,私営,総数,公営,私営,総数,公営,私営,総数,公営,私営,総数,公営,私営,総数,公営,私営,総数,公営,私営,総数,公営,私営,総数,公営,私営,総数,公営,私営,総数,公営,私営,総数,公営,私営,総数,公営,私営,総数,公営,私営,総数,公営,私営,総数,公営,私営,総数,公営,私営,総数,公営,私営,総数,公営,私営,総数,公営,私営,総数,公営,私営,総数,公営,私営,総数,公営,私営,総数,公営,私営,総数,公営,私営,総数,公営,私営,総数,公営,私営,総数,公営,私営,総数,公営,私営,総数,公営,私営,総数,公営,私営,総数,公営,私営,総数,公営,私営,総数,公営,私営,総数,公営,私営,総数,公営,私営,総数,公営,私営,総数,公営,私営,総数,公営,私営,総数,公営,私営,総数,公営,私営,総数,公営,私営,総数,公営,私営,総数,公営,私営,総数,公営,私営
,施設・事業所,施設・事業所,施設・事業所,施設・事業所,施設・事業所,施設・事業所,施設・事業所,施設・事業所,施設・事業所,施設・事業所,施設・事業所,施設・事業所,施設・事業所,施設・事業所,施設・事業所,施設・事業所,施設・事業所,施設・事業所,施設・事業所,施設・事業所,施設・事業所,施設・事業所,施設・事業所,施設・事業所,施設・事業所,施設・事業所,施設・事業所,施設・事業所,施設・事業所,施設・事業所,施設・事業所,施設・事業所,施設・事業所,施設・事業所,施設・事業所,施設・事業所,施設・事業所,施設・事業所,施設・事業所,施設・事業所,施設・事業所,施設・事業所,施設・事業所,施設・事業所,施設・事業所,施設・事業所,施設・事業所,施設・事業所,施設・事業所,施設・事業所,施設・事業所,施設・事業所,施設・事業所,施設・事業所,施設・事業所,施設・事業所,施設・事業所,施設・事業所,施設・事業所,施設・事業所,施設・事業所,施設・事業所,施設・事業所,施設・事業所,施設・事業所,施設・事業所,施設・事業所,施設・事業所,施設・事業所,施設・事業所,施設・事業所,施設・事業所,施設・事業所,施設・事業所,施設・事業所,施設・事業所,施設・事業所,施設・事業所,施設・事業所,施設・事業所,施設・事業所,施設・事業所,施設・事業所,施設・事業所,施設・事業所,施設・事業所,施設・事業所,施設・事業所,施設・事業所,施設・事業所,施設・事業所,施設・事業所,施設・事業所,施設・事業所,施設・事業所,施設・事業所,施設・事業所,施設・事業所,施設・事業所,施設・事業所,施設・事業所,施設・事業所,施設・事業所,施設・事業所,施設・事業所,施設・事業所,施設・事業所,施設・事業所,施設・事業所,施設・事業所,施設・事業所,施設・事業所,施設・事業所,施設・事業所,施設・事業所,施設・事業所,施設・事業所,施設・事業所,施設・事業所,施設・事業所,施設・事業所,施設・事業所,施設・事業所,施設・事業所,施設・事業所,施設・事業所,施設・事業所,施設・事業所,施設・事業所,施設・事業所,施設・事業所,施設・事業所,施設・事業所,施設・事業所,施設・事業所,施設・事業所,施設・事業所,施設・事業所,施設・事業所,施設・事業所,施設・事業所,施設・事業所,施設・事業所,施設・事業所,施設・事業所,施設・事業所,施設・事業所,施設・事業所,施設・事業所,施設・事業所,施設・事業所,施設・事業所,施設・事業所,施設・事業所,施設・事業所,施設・事業所,施設・事業所,施設・事業所,施設・事業所,施設・事業所,施設・事業所,施設・事業所,施設・事業所,施設・事業所,施設・事業所,施設・事業所,施設・事業所,施設・事業所,施設・事業所,施設・事業所,施設・事業所,施設・事業所,施設・事業所,施設・事業所,施設・事業所,施設・事業所,施設・事業所,施設・事業所,施設・事業所,施設・事業所,施設・事業所,施設・事業所,施設・事業所,施設・事業所,施設・事業所,施設・事業所,施設・事業所,施設・事業所,施設・事業所,施設・事業所,施設・事業所,施設・事業所,施設・事業所,施設・事業所,施設・事業所,施設・事業所,施設・事業所,施設・事業所,施設・事業所,施設・事業所,施設・事業所,施設・事業所,施設・事業所,施設・事業所,施設・事業所,施設・事業所,施設・事業所,施設・事業所,施設・事業所,施設・事業所,施設・事業所,施設・事業所,施設・事業所,施設・事業所,施設・事業所,施設・事業所
全国,78079,13227,64852,284,15,269,185,11,174,17,-,17,56,1,55,13,2,11,13,1,12,5069,724,4345,866,84,782,52,-,52,187,1,186,11,2,9,2037,7,2030,96,-,96,207,91,116,1181,339,842,432,200,232,5371,105,5266,2551,41,2510,2696,64,2632,124,-,124,315,35,280,37,5,32,115,18,97,4,-,4,14,3,11,13,-,13,72,8,64,10,-,10,50,1,49,47,23,24,40118,11244,28874,383,189,194,147,5,142,202,16,186,23511,6417,17094,1756,368,1388,21755,6049,15706,7448,107,7341,5281,46,5235,657,13,644,81,3,78,735,30,705,24,-,24,670,15,655,613,7,606,238,30,208,223,79,144,835,190,645,53,6,47,58,55,3,189,-,189,21,-,21,2404,1390,1014,1707,768,939,15,1,14,3,-,3,-,-,-,119,80,39,1949,1904,45,55,9,46,54,9,45,1,-,1,26820,1072,25748,57,26,31,640,2,638,17,-,17,1057,1004,53,36,35,1,128,-,128,18460,3,18457,6425,2,6423
国,10,9,1,-,-,-,-,-,-,-,-,-,-,-,-,-,-,-,-,-,-,-,-,-,-,-,-,-,-,-,-,-,-,-,-,-,-,-,-,-,-,-,-,-,-,-,-,-,-,-,-,6,6,-,6,6,-,-,-,-,-,-,-,1,-,1,1,-,1,-,-,-,-,-,-,-,-,-,-,-,-,-,-,-,-,-,-,-,-,-,-,-,-,3,3,-,-,-,-,-,-,-,-,-,-,-,-,-,-,-,-,-,-,-,-,-,-,-,-,-,-,-,-,-,-,-,-,-,-,-,-,-,-,-,-,-,-,-,1,1,-,-,-,-,-,-,-,-,-,-,2,2,-,-,-,-,-,-,-,-,-,-,-,-,-,-,-,-,-,-,-,-,-,-,-,-,-,-,-,-,-,-,-,-,-,-,-,-,-,-,-,-,-,-,-,-,-,-,-,-,-,-,-,-,-,-,-,-,-,-,-,-,-,-,-,-
北海道,3997,676,3321,11,-,11,9,-,9,-,-,-,1,-,1,1,-,1,-,-,-,258,45,213,55,9,46,2,-,2,14,-,14,3,1,2,107,-,107,-,-,-,15,11,4,53,24,29,9,-,9,352,6,346,199,1,198,146,5,141,7,-,7,16,2,14,1,-,1,7,-,7,-,-,-,-,-,-,1,-,1,6,1,5,-,-,-,1,1,-,1,1,-,1528,447,1081,32,12,20,2,-,2,8,-,8,775,207,568,237,34,203,538,173,365,249,5,244,196,1,195,11,1,10,2,-,2,12,2,10,-,-,-,28,1,27,24,-,24,12,1,11,11,5,6,25,8,17,2,1,1,3,2,1,14,-,14,-,-,-,115,97,18,232,85,147,-,-,-,-,-,-,-,-,-,8,8,-,16,16,-,4,-,4,4,-,4,-,-,-,1827,175,1652,2,-,2,18,-,18,-,-,-,159,158,1,16,16,-,1,-,1,1147,-,1147,484,1,483
青森県,1065,83,982,3,-,3,3,-,3,-,-,-,-,-,-,-,-,-,-,-,-,78,24,54,9,-,9,1,-,1,2,-,2,-,-,-,25,-,25,-,-,-,11,7,4,22,10,12,8,7,1,95,4,91,57,3,54,33,1,32,5,-,5,6,-,6,1,-,1,3,-,3,-,-,-,-,-,-,-,-,-,1,-,1,-,-,-,1,-,1,-,-,-,399,55,344,5,4,1,3,-,3,2,-,2,220,-,220,38,-,38,182,-,182,14,-,14,12,-,12,2,-,2,-,-,-,-,-,-,-,-,-,-,-,-,6,-,6,8,4,4,3,2,1,16,2,14,1,-,1,1,1,-,1,-,1,1,-,1,47,3,44,32,3,29,-,-,-,-,-,-,-,-,-,-,-,-,39,36,3,-,-,-,-,-,-,-,-,-,484,-,484,-,-,-,1,-,1,-,-,-,-,-,-,-,-,-,-,-,-,483,-,483,-,-,-
岩手県,983,135,848,4,-,4,2,-,2,-,-,-,2,-,2,-,-,-,-,-,-,80,4,76,16,-,16,1,-,1,1,-,1,1,-,1,23,-,23,-,-,-,3,-,3,7,4,3,28,-,28,106,1,105,45,1,44,61,-,61,-,-,-,1,-,1,-,-,-,1,-,1,-,-,-,-,-,-,-,-,-,-,-,-,-,-,-,-,-,-,1,-,1,478,129,349,-,-,-,2,-,2,1,-,1,246,83,163,12,8,4,234,75,159,101,1,100,51,-,51,26,-,26,1,-,1,15,-,15,1,-,1,7,1,6,6,-,6,4,-,4,2,-,2,4,-,4,1,-,1,1,-,1,1,-,1,-,-,-,33,7,26,36,-,36,1,-,1,-,-,-,-,-,-,1,-,1,38,38,-,-,-,-,-,-,-,-,-,-,313,1,312,-,-,-,-,-,-,-,-,-,-,-,-,1,1,-,-,-,-,282,-,282,30,-,30
宮城県,1634,318,1316,2,-,2,2,-,2,-,-,-,-,-,-,-,-,-,-,-,-,86,8,78,8,-,8,1,-,1,1,-,1,-,-,-,45,-,45,-,-,-,8,4,4,22,4,18,1,-,1,107,9,98,37,-,37,66,9,57,4,-,4,8,-,8,1,-,1,4,-,4,-,-,-,-,-,-,1,-,1,1,-,1,-,-,-,1,-,1,1,-,1,1028,301,727,4,2,2,2,-,2,4,1,3,412,134,278,59,2,57,353,132,221,277,1,276,179,-,179,18,-,18,10,-,10,42,-,42,1,-,1,27,1,26,5,-,5,1,-,1,4,3,1,19,3,16,1,-,1,1,1,-,1,-,1,1,-,1,125,29,96,42,14,28,-,-,-,-,-,-,-,-,-,3,2,1,126,111,15,1,-,1,1,-,1,-,-,-,401,-,401,-,-,-,28,-,28,-,-,-,-,-,-,-,-,-,2,-,2,245,-,245,126,-,126
秋田県,652,114,538,3,-,3,2,-,2,-,-,-,-,-,-,1,-,1,-,-,-,75,12,63,14,3,11,1,-,1,2,-,2,-,-,-,42,1,41,-,-,-,1,1,-,15,7,8,-,-,-,64,1,63,45,1,44,19,-,19,-,-,-,4,1,3,1,-,1,1,1,-,-,-,-,-,-,-,-,-,-,1,-,1,-,-,-,1,-,1,1,1,-,312,99,213,10,3,7,1,-,1,7,-,7,175,26,149,12,1,11,163,25,138,28,-,28,12,-,12,7,-,7,-,-,-,1,-,1,-,-,-,8,-,8,4,-,4,4,-,4,2,2,-,3,2,1,-,-,-,1,1,-,1,-,1,-,-,-,45,37,8,28,26,2,1,-,1,-,-,-,-,-,-,-,-,-,2,2,-,-,-,-,-,-,-,-,-,-,193,-,193,1,-,1,3,-,3,-,-,-,-,-,-,-,-,-,-,-,-,116,-,116,73,-,73
山形県,774,159,615,4,-,4,3,-,3,-,-,-,-,-,-,-,-,-,1,-,1,47,1,46,11,-,11,1,-,1,1,-,1,-,-,-,11,-,11,-,-,-,-,-,-,22,1,21,1,-,1,48,-,48,28,-,28,19,-,19,1,-,1,3,1,2,-,-,-,1,1,-,-,-,-,-,-,-,-,-,-,1,-,1,-,-,-,1,-,1,1,1,-,416,156,260,6,5,1,2,1,1,1,-,1,221,57,164,17,2,15,204,55,149,61,-,61,26,-,26,14,-,14,1,-,1,17,-,17,-,-,-,3,-,3,5,-,5,3,3,-,1,1,-,11,3,8,-,-,-,1,1,-,2,-,2,-,-,-,13,5,8,12,4,8,-,-,-,-,-,-,-,-,-,2,2,-,75,74,1,1,-,1,1,-,1,-,-,-,254,-,254,-,-,-,3,-,3,-,-,-,-,-,-,-,-,-,-,-,-,244,-,244,7,-,7
福島県,942,190,752,10,1,9,6,-,6,-,-,-,1,-,1,3,1,2,-,-,-,81,17,64,11,2,9,1,-,1,3,-,3,-,-,-,32,-,32,-,-,-,7,7,-,21,6,15,6,2,4,72,-,72,40,-,40,31,-,31,1,-,1,4,-,4,-,-,-,1,-,1,-,-,-,1,-,1,-,-,-,1,-,1,-,-,-,1,-,1,1,1,-,482,169,313,4,1,3,1,1,-,2,-,2,275,126,149,4,2,2,271,124,147,113,1,112,85,1,84,11,-,11,-,-,-,5,-,5,-,-,-,12,-,12,8,-,8,8,1,7,2,2,-,15,2,13,-,-,-,1,1,-,3,-,3,-,-,-,24,18,6,16,6,10,-,-,-,-,-,-,-,-,-,1,1,-,9,9,-,1,1,-,1,1,-,-,-,-,291,1,290,1,-,1,-,-,-,-,-,-,-,-,-,2,1,1,-,-,-,177,-,177,111,-,111
茨城県,1429,174,1255,5,-,5,5,-,5,-,-,-,-,-,-,-,-,-,-,-,-,111,16,95,12,1,11,1,-,1,2,-,2,-,-,-,48,-,48,-,-,-,6,1,5,34,10,24,8,4,4,137,2,135,83,2,81,54,-,54,-,-,-,4,-,4,-,-,-,1,-,1,-,-,-,-,-,-,1,-,1,1,-,1,-,-,-,1,-,1,1,1,-,715,149,566,1,1,-,3,-,3,3,-,3,462,111,351,23,2,21,439,109,330,153,1,152,106,1,105,7,-,7,-,-,-,28,-,28,-,-,-,12,-,12,19,-,19,7,-,7,5,2,3,7,3,4,1,-,1,1,1,-,4,-,4,-,-,-,40,27,13,8,3,5,-,-,-,-,-,-,-,-,-,1,-,1,-,-,-,1,-,1,1,-,1,-,-,-,455,6,449,-,-,-,18,-,18,-,-,-,6,6,-,-,-,-,5,-,5,218,-,218,208,-,208
栃木県,987,129,858,4,-,4,2,-,2,-,-,-,1,-,1,1,-,1,-,-,-,58,5,53,10,-,10,-,-,-,-,-,-,-,-,-,26,-,26,-,-,-,4,2,2,18,3,15,-,-,-,100,3,97,51,1,50,44,2,42,5,-,5,4,-,4,1,-,1,-,-,-,-,-,-,-,-,-,1,-,1,1,-,1,-,-,-,1,-,1,1,1,-,502,114,388,3,-,3,3,-,3,2,-,2,309,86,223,8,1,7,301,85,216,112,3,109,87,2,85,4,-,4,-,-,-,9,-,9,1,-,1,11,1,10,11,-,11,4,-,4,3,-,3,8,3,5,1,-,1,1,1,-,1,-,1,-,-,-,28,14,14,12,5,7,1,-,1,-,-,-,-,-,-,-,-,-,3,2,1,-,-,-,-,-,-,-,-,-,318,6,312,1,-,1,3,-,3,-,-,-,6,6,-,-,-,-,-,-,-,125,-,125,183,-,183
群馬県,1297,158,1139,3,-,3,3,-,3,-,-,-,-,-,-,-,-,-,-,-,-,117,17,100,15,2,13,1,-,1,3,-,3,-,-,-,59,-,59,-,-,-,6,4,2,32,11,21,1,-,1,113,1,112,48,-,48,63,1,62,2,-,2,8,1,7,-,-,-,4,1,3,-,-,-,1,-,1,-,-,-,2,-,2,-,-,-,1,-,1,1,1,-,368,127,241,2,1,1,3,-,3,3,1,2,254,87,167,8,2,6,246,85,161,4,-,4,-,-,-,1,-,1,-,-,-,-,-,-,-,-,-,3,-,3,8,-,8,3,1,2,5,1,4,13,1,12,1,-,1,1,1,-,2,-,2,-,-,-,45,20,25,21,13,8,1,-,1,-,-,-,-,-,-,-,-,-,2,1,1,-,-,-,-,-,-,-,-,-,687,11,676,-,-,-,-,-,-,-,-,-,11,11,-,-,-,-,-,-,-,580,-,580,96,-,96
埼玉県,4176,504,3672,6,1,5,2,-,2,-,-,-,3,-,3,1,1,-,-,-,-,207,25,182,17,-,17,1,-,1,7,-,7,-,-,-,76,-,76,-,-,-,-,-,-,84,20,64,22,5,17,217,4,213,102,2,100,115,2,113,-,-,-,9,1,8,1,-,1,3,-,3,1,-,1,1,1,-,-,-,-,2,-,2,-,-,-,1,-,1,1,1,-,2397,460,1937,14,5,9,8,-,8,4,-,4,1417,361,1056,8,-,8,1409,361,1048,716,-,716,498,-,498,149,-,149,-,-,-,11,-,11,2,-,2,56,-,56,22,-,22,4,-,4,8,1,7,43,20,23,2,1,1,1,1,-,3,-,3,1,-,1,60,35,25,80,24,56,-,-,-,-,-,-,-,-,-,-,-,-,14,12,2,4,4,-,4,4,-,-,-,-,1335,8,1327,-,-,-,85,-,85,2,-,2,8,8,-,-,-,-,19,-,19,766,-,766,455,-,455
千葉県,3767,763,3004,5,-,5,4,-,4,-,-,-,1,-,1,-,-,-,-,-,-,190,21,169,18,1,17,1,-,1,6,-,6,-,-,-,90,1,89,-,-,-,1,-,1,47,13,34,27,6,21,187,6,181,86,-,86,99,6,93,2,-,2,10,2,8,-,-,-,5,2,3,-,-,-,2,-,2,-,-,-,1,-,1,1,-,1,1,-,1,2,-,2,2281,726,1555,10,4,6,7,-,7,4,-,4,1225,309,916,25,10,15,1200,299,901,506,3,503,394,3,391,55,-,55,1,-,1,27,-,27,2,-,2,27,-,27,21,1,20,10,-,10,7,3,4,37,14,23,1,-,1,1,1,-,18,-,18,-,-,-,28,15,13,60,37,23,-,-,-,-,-,-,-,-,-,2,1,1,344,338,6,2,2,-,2,2,-,-,-,-,1090,6,1084,1,-,1,93,-,93,-,-,-,6,6,-,-,-,-,23,-,23,827,-,827,140,-,140
東京都,7791,1321,6470,41,-,41,10,-,10,11,-,11,10,-,10,-,-,-,10,-,10,363,101,262,31,-,31,1,-,1,8,-,8,1,-,1,42,-,42,94,-,94,-,-,-,53,17,36,133,84,49,265,7,258,95,-,95,157,7,150,13,-,13,25,5,20,2,-,2,7,3,4,-,-,-,3,-,3,1,-,1,6,2,4,5,-,5,1,-,1,5,-,5,5377,1205,4172,38,14,24,11,-,11,32,-,32,3623,634,2989,60,12,48,3563,622,2941,866,29,837,450,1,449,40,-,40,10,2,8,309,26,283,7,-,7,50,-,50,58,-,58,9,-,9,11,3,8,59,20,39,-,-,-,2,2,-,-,-,-,-,-,-,365,281,84,219,138,81,-,-,-,-,-,-,-,-,-,-,-,-,84,84,-,-,-,-,-,-,-,-,-,-,1715,3,1712,9,2,7,133,-,133,4,-,4,-,-,-,-,-,-,54,-,54,1116,1,1115,399,-,399
神奈川県,5033,333,4700,10,-,10,5,-,5,3,-,3,2,-,2,-,-,-,-,-,-,126,13,113,17,-,17,1,-,1,12,-,12,-,-,-,35,-,35,-,-,-,5,1,4,51,9,42,5,3,2,434,3,431,88,3,85,345,-,345,1,-,1,17,2,15,1,-,1,4,-,4,1,-,1,2,-,2,2,-,2,4,2,2,-,-,-,3,-,3,1,-,1,2857,314,2543,26,8,18,10,1,9,10,1,9,1933,184,1749,15,-,15,1918,184,1734,576,-,576,424,-,424,61,-,61,10,-,10,65,-,65,-,-,-,16,-,16,33,1,32,15,1,14,14,4,10,37,2,35,3,1,2,3,2,1,24,-,24,-,-,-,107,43,64,26,26,-,-,-,-,-,-,-,-,-,-,39,39,-,1,1,-,1,-,1,1,-,1,-,-,-,1587,1,1586,-,-,-,138,-,138,-,-,-,4,1,3,-,-,-,12,-,12,1202,-,1202,231,-,231
新潟県,1370,508,862,5,1,4,4,1,3,-,-,-,1,-,1,-,-,-,-,-,-,125,14,111,15,4,11,1,-,1,3,1,2,-,-,-,59,-,59,-,-,-,3,1,2,40,7,33,4,1,3,155,8,147,58,6,52,97,2,95,-,-,-,4,-,4,1,-,1,1,-,1,-,-,-,-,-,-,-,-,-,1,-,1,-,-,-,1,-,1,1,1,-,807,483,324,4,1,3,2,-,2,3,1,2,495,296,199,67,3,64,428,293,135,60,1,59,40,-,40,5,-,5,1,-,1,1,1,-,-,-,-,13,-,13,5,1,4,8,4,4,3,2,1,9,4,5,-,-,-,1,1,-,-,-,-,-,-,-,33,17,16,13,7,6,-,-,-,1,-,1,-,-,-,23,1,22,147,147,-,-,-,-,-,-,-,-,-,-,273,1,272,-,-,-,-,-,-,-,-,-,1,1,-,-,-,-,-,-,-,158,-,158,114,-,114
富山県,550,125,425,3,-,3,1,-,1,-,-,-,2,-,2,-,-,-,-,-,-,48,3,45,4,1,3,-,-,-,2,-,2,-,-,-,21,-,21,-,-,-,1,-,1,20,2,18,-,-,-,49,-,49,27,-,27,22,-,22,-,-,-,3,-,3,-,-,-,1,-,1,-,-,-,-,-,-,-,-,-,1,-,1,-,-,-,1,-,1,-,-,-,238,122,116,6,4,2,1,-,1,-,-,-,150,97,53,10,1,9,140,96,44,17,-,17,5,-,5,-,-,-,-,-,-,2,-,2,-,-,-,10,-,10,3,-,3,2,2,-,2,-,2,5,1,4,-,-,-,1,1,-,1,-,1,-,-,-,21,11,10,24,2,22,1,-,1,-,-,-,-,-,-,-,-,-,4,4,-,-,-,-,-,-,-,-,-,-,209,-,209,-,-,-,-,-,-,1,-,1,-,-,-,-,-,-,-,-,-,116,-,116,92,-,92
石川県,636,134,502,3,-,3,3,-,3,-,-,-,-,-,-,-,-,-,-,-,-,66,5,61,8,-,8,1,-,1,1,-,1,-,-,-,29,-,29,-,-,-,3,1,2,16,2,14,8,2,6,52,-,52,25,-,25,23,-,23,4,-,4,4,-,4,-,-,-,1,-,1,-,-,-,-,-,-,-,-,-,1,-,1,1,-,1,1,-,1,1,1,-,304,127,177,5,5,-,2,-,2,2,-,2,165,82,83,76,33,43,89,49,40,8,-,8,8,-,8,-,-,-,-,-,-,-,-,-,-,-,-,-,-,-,7,-,7,3,-,3,5,1,4,8,1,7,-,-,-,1,1,-,4,-,4,-,-,-,41,27,14,49,9,40,3,-,3,-,-,-,-,-,-,-,-,-,1,1,-,1,-,1,1,-,1,-,-,-,205,1,204,-,-,-,-,-,-,-,-,-,10,-,10,-,-,-,-,-,-,167,-,167,28,1,27
福井県,447,157,290,2,-,2,1,-,1,-,-,-,1,-,1,-,-,-,-,-,-,37,3,34,7,-,7,1,-,1,2,-,2,-,-,-,18,-,18,-,-,-,-,-,-,9,3,6,-,-,-,40,-,40,28,-,28,11,-,11,1,-,1,3,-,3,1,-,1,-,-,-,-,-,-,-,-,-,-,-,-,1,-,1,-,-,-,1,-,1,1,1,-,265,147,118,5,3,2,2,-,2,1,-,1,130,88,42,2,-,2,128,88,40,11,4,7,6,1,5,1,1,-,1,1,-,-,-,-,-,-,-,3,1,2,5,-,5,2,-,2,1,1,-,7,2,5,-,-,-,1,1,-,4,-,4,-,-,-,58,18,40,30,23,7,2,1,1,-,-,-,-,-,-,5,5,-,1,1,-,1,-,1,1,-,1,-,-,-,98,6,92,-,-,-,-,-,-,1,-,1,5,5,-,-,-,-,-,-,-,35,1,34,57,-,57
山梨県,543,173,370,3,-,3,3,-,3,-,-,-,-,-,-,-,-,-,-,-,-,51,15,36,7,-,7,1,-,1,2,-,2,-,-,-,13,-,13,-,-,-,7,-,7,20,14,6,1,1,-,61,1,60,28,-,28,32,1,31,1,-,1,2,-,2,-,-,-,-,-,-,-,-,-,-,-,-,-,-,-,1,-,1,-,-,-,1,-,1,-,-,-,296,157,139,4,3,1,2,-,2,-,-,-,164,93,71,25,5,20,139,88,51,40,3,37,25,-,25,6,3,3,2,-,2,2,-,2,-,-,-,5,-,5,7,-,7,1,-,1,1,1,-,7,1,6,1,1,-,1,1,-,2,-,2,2,-,2,35,32,3,20,14,6,-,-,-,-,-,-,-,-,-,9,8,1,-,-,-,1,-,1,1,-,1,-,-,-,129,-,129,-,-,-,1,-,1,1,-,1,-,-,-,-,-,-,-,-,-,50,-,50,77,-,77
長野県,1618,651,967,7,2,5,7,2,5,-,-,-,-,-,-,-,-,-,-,-,-,140,52,88,23,5,18,1,-,1,4,-,4,-,-,-,35,-,35,-,-,-,5,4,1,53,31,22,19,12,7,152,8,144,58,2,56,94,6,88,-,-,-,8,1,7,1,-,1,4,-,4,-,-,-,1,1,-,-,-,-,1,-,1,-,-,-,1,-,1,1,1,-,853,540,313,19,11,8,4,-,4,3,1,2,502,389,113,67,39,28,435,350,85,56,-,56,39,-,39,3,-,3,1,-,1,5,-,5,-,-,-,8,-,8,15,-,15,1,-,1,5,3,2,13,2,11,1,-,1,1,1,-,6,-,6,2,-,2,91,63,28,81,18,63,-,-,-,-,-,-,-,-,-,2,1,1,51,51,-,-,-,-,-,-,-,-,-,-,457,47,410,37,24,13,1,1,-,1,-,1,22,22,-,-,-,-,-,-,-,270,-,270,126,-,126
岐阜県,1218,240,978,1,-,1,1,-,1,-,-,-,-,-,-,-,-,-,-,-,-,119,22,97,21,3,18,1,-,1,-,-,-,-,-,-,41,-,41,-,-,-,8,5,3,34,11,23,14,3,11,80,-,80,44,-,44,35,-,35,1,-,1,3,-,3,-,-,-,1,-,1,-,-,-,-,-,-,-,-,-,1,-,1,-,-,-,1,-,1,1,-,1,545,212,333,5,5,-,2,-,2,3,-,3,320,167,153,63,29,34,257,138,119,91,3,88,72,-,72,10,1,9,1,-,1,-,-,-,-,-,-,8,2,6,10,-,10,2,-,2,1,1,-,11,6,5,1,-,1,1,1,-,5,-,5,-,-,-,47,19,28,36,-,36,-,-,-,-,-,-,-,-,-,1,1,-,9,9,-,2,-,2,2,-,2,-,-,-,467,6,461,-,-,-,-,-,-,1,-,1,6,6,-,-,-,-,-,-,-,378,-,378,82,-,82
静岡県,1637,195,1442,8,-,8,7,-,7,-,-,-,1,-,1,-,-,-,-,-,-,116,4,112,23,1,22,1,-,1,3,-,3,-,-,-,56,-,56,-,-,-,-,-,-,30,3,27,3,-,3,122,3,119,70,3,67,49,-,49,3,-,3,6,-,6,1,-,1,2,-,2,-,-,-,-,-,-,1,-,1,1,-,1,-,-,-,1,-,1,1,-,1,838,172,666,10,5,5,4,-,4,3,-,3,384,113,271,38,1,37,346,112,234,310,5,305,244,5,239,17,-,17,7,-,7,15,-,15,-,-,-,27,-,27,15,-,15,10,4,6,7,3,4,27,8,19,1,1,-,1,1,-,4,-,4,1,-,1,28,12,16,11,3,8,-,-,-,-,-,-,-,-,-,-,-,-,22,17,5,-,-,-,-,-,-,-,-,-,546,16,530,-,-,-,12,-,12,1,-,1,16,16,-,-,-,-,-,-,-,350,-,350,167,-,167
愛知県,4816,1538,3278,11,1,10,4,1,3,3,-,3,1,-,1,2,-,2,1,-,1,225,30,195,29,1,28,2,-,2,7,-,7,-,-,-,92,-,92,-,-,-,13,3,10,62,10,52,20,16,4,214,4,210,69,-,69,129,4,125,16,-,16,18,1,17,3,1,2,10,-,10,-,-,-,1,-,1,1,-,1,2,-,2,-,-,-,1,-,1,2,-,2,2787,1495,1292,5,5,-,9,1,8,13,1,12,1340,645,695,58,35,23,1282,610,672,396,3,393,295,1,294,46,2,44,-,-,-,25,-,25,7,-,7,23,-,23,35,1,34,8,2,6,6,2,4,49,22,27,3,1,2,2,2,-,1,-,1,-,-,-,144,91,53,143,91,52,1,-,1,-,-,-,-,-,-,-,-,-,632,628,4,4,-,4,4,-,4,-,-,-,1555,7,1548,-,-,-,60,-,60,1,-,1,6,6,-,1,1,-,-,-,-,1189,-,1189,298,-,298
三重県,1103,271,832,4,-,4,3,-,3,-,-,-,1,-,1,-,-,-,-,-,-,84,17,67,19,5,14,1,-,1,4,-,4,1,-,1,31,-,31,-,-,-,12,9,3,13,2,11,3,1,2,51,-,51,39,-,39,11,-,11,1,-,1,4,-,4,1,-,1,-,-,-,-,-,-,-,-,-,-,-,-,2,-,2,-,-,-,1,-,1,1,-,1,470,217,253,8,2,6,3,-,3,4,-,4,326,167,159,15,12,3,311,155,156,42,2,40,28,2,26,7,-,7,1,-,1,1,-,1,-,-,-,5,-,5,11,-,11,4,-,4,4,3,1,11,4,7,1,-,1,1,1,-,7,-,7,-,-,-,24,17,7,13,11,2,1,-,1,-,-,-,-,-,-,-,-,-,10,10,-,2,-,2,2,-,2,-,-,-,487,37,450,-,-,-,1,-,1,1,-,1,37,37,-,-,-,-,-,-,-,221,-,221,227,-,227
滋賀県,697,148,549,5,-,5,5,-,5,-,-,-,-,-,-,-,-,-,-,-,-,49,6,43,6,-,6,1,-,1,-,-,-,-,-,-,20,-,20,-,-,-,4,2,2,18,4,14,-,-,-,35,-,35,22,-,22,13,-,13,-,-,-,4,1,3,1,-,1,1,1,-,-,-,-,-,-,-,-,-,-,1,-,1,-,-,-,1,-,1,1,1,-,429,122,307,7,3,4,1,-,1,2,-,2,202,51,151,19,6,13,183,45,138,130,2,128,81,2,79,16,-,16,1,-,1,28,-,28,-,-,-,4,-,4,4,-,4,2,1,1,3,1,2,8,7,1,1,-,1,1,1,-,2,-,2,1,-,1,28,25,3,5,1,4,-,-,-,1,-,1,-,-,-,-,-,-,31,30,1,2,-,2,2,-,2,-,-,-,172,18,154,-,-,-,-,-,-,-,-,-,22,18,4,-,-,-,-,-,-,54,-,54,96,-,96
京都府,1347,199,1148,5,-,5,1,-,1,-,-,-,4,-,4,-,-,-,-,-,-,127,17,110,16,-,16,1,-,1,2,-,2,-,-,-,66,-,66,-,-,-,4,3,1,24,11,13,14,3,11,78,2,76,49,1,48,25,1,24,4,-,4,14,-,14,1,-,1,6,-,6,-,-,-,-,-,-,1,-,1,2,-,2,2,-,2,2,-,2,1,1,-,804,143,661,19,9,10,4,-,4,4,-,4,375,85,290,35,5,30,340,80,260,183,1,182,162,-,162,2,-,2,1,-,1,12,-,12,-,-,-,6,1,5,13,-,13,3,-,3,5,1,4,14,1,13,2,-,2,1,1,-,3,-,3,-,-,-,149,30,119,21,11,10,-,-,-,-,-,-,-,-,-,2,-,2,6,4,2,1,-,1,1,-,1,-,-,-,317,36,281,-,-,-,1,-,1,-,-,-,36,36,-,-,-,-,-,-,-,117,-,117,163,-,163
大阪府,4600,303,4297,25,1,24,16,-,16,-,-,-,9,1,8,-,-,-,-,-,-,254,27,227,28,-,28,1,-,1,15,-,15,-,-,-,115,-,115,-,-,-,5,-,5,56,7,49,34,20,14,226,9,217,85,3,82,141,6,135,-,-,-,27,6,21,5,-,5,14,6,8,-,-,-,-,-,-,1,-,1,4,-,4,1,-,1,2,-,2,2,-,2,1771,237,1534,39,18,21,11,-,11,7,-,7,977,160,817,44,2,42,933,158,775,570,8,562,502,7,495,10,-,10,20,-,20,15,-,15,-,-,-,23,1,22,41,-,41,12,-,12,10,1,9,47,19,28,6,-,6,3,3,-,3,-,3,-,-,-,19,12,7,19,12,7,-,-,-,-,-,-,-,-,-,7,4,3,-,-,-,5,1,4,5,1,4,-,-,-,2290,22,2268,-,-,-,10,-,10,1,-,1,40,22,18,-,-,-,1,-,1,1653,-,1653,585,-,585
兵庫県,2681,351,2330,10,1,9,9,1,8,-,-,-,1,-,1,-,-,-,-,-,-,203,27,176,39,3,36,2,-,2,1,-,1,-,-,-,109,1,108,2,-,2,10,5,5,27,10,17,13,8,5,245,-,245,105,-,105,135,-,135,5,-,5,11,2,9,2,1,1,3,1,2,1,-,1,1,-,1,1,-,1,2,-,2,-,-,-,1,-,1,2,-,2,1311,244,1067,11,8,3,9,-,9,12,-,12,604,186,418,64,-,64,540,186,354,386,1,385,315,-,315,8,-,8,1,-,1,26,-,26,-,-,-,36,1,35,38,-,38,9,-,9,10,2,8,32,13,19,2,-,2,2,2,-,11,-,11,3,-,3,73,26,47,105,4,101,1,-,1,1,-,1,-,-,-,-,-,-,2,2,-,5,1,4,5,1,4,-,-,-,894,76,818,-,-,-,4,1,3,1,-,1,82,75,7,-,-,-,4,-,4,572,-,572,231,-,231
奈良県,636,132,504,5,-,5,2,-,2,-,-,-,3,-,3,-,-,-,-,-,-,70,10,60,11,2,9,1,-,1,6,-,6,-,-,-,34,-,34,-,-,-,6,4,2,12,4,8,-,-,-,56,1,55,33,-,33,19,1,18,4,-,4,4,2,2,1,1,-,1,-,1,-,-,-,-,-,-,-,-,-,1,1,-,-,-,-,1,-,1,-,-,-,241,85,156,4,3,1,2,-,2,3,-,3,126,50,76,1,-,1,125,50,75,50,6,44,41,5,36,3,1,2,-,-,-,4,-,4,-,-,-,2,-,2,6,-,6,3,1,2,2,-,2,10,1,9,-,-,-,1,1,-,2,-,2,1,-,1,19,14,5,9,8,1,-,-,-,-,-,-,-,-,-,-,-,-,3,1,2,-,-,-,-,-,-,-,-,-,260,34,226,-,-,-,-,-,-,-,-,-,40,34,6,-,-,-,-,-,-,148,-,148,72,-,72
和歌山県,699,199,500,4,-,4,2,-,2,-,-,-,2,-,2,-,-,-,-,-,-,39,7,32,12,5,7,1,-,1,-,-,-,-,-,-,23,-,23,-,-,-,2,1,1,-,-,-,1,1,-,45,-,45,25,-,25,20,-,20,-,-,-,2,-,2,-,-,-,-,-,-,-,-,-,-,-,-,-,-,-,1,-,1,-,-,-,1,-,1,1,1,-,247,137,110,4,3,1,1,-,1,4,3,1,141,74,67,33,16,17,108,58,50,5,-,5,4,-,4,-,-,-,-,-,-,-,-,-,-,-,-,1,-,1,8,1,7,2,-,2,5,1,4,17,-,17,1,-,1,1,1,-,2,-,2,1,-,1,44,44,-,11,10,1,-,-,-,-,-,-,-,-,-,-,-,-,-,-,-,-,-,-,-,-,-,-,-,-,361,54,307,-,-,-,-,-,-,-,-,-,54,54,-,-,-,-,-,-,-,181,-,181,126,-,126
鳥取県,495,159,336,2,-,2,2,-,2,-,-,-,-,-,-,-,-,-,-,-,-,56,3,53,4,-,4,-,-,-,4,-,4,-,-,-,26,-,26,-,-,-,6,-,6,16,3,13,-,-,-,33,-,33,22,-,22,11,-,11,-,-,-,1,-,1,-,-,-,-,-,-,-,-,-,-,-,-,-,-,-,1,-,1,-,-,-,-,-,-,-,-,-,249,119,130,5,4,1,2,-,2,5,-,5,130,67,63,11,4,7,119,63,56,34,3,31,28,-,28,2,1,1,-,-,-,-,-,-,-,-,-,4,2,2,5,-,5,2,1,1,1,1,-,7,5,2,1,-,1,1,1,-,3,-,3,1,-,1,37,25,12,8,5,3,-,-,-,-,-,-,-,-,-,-,-,-,7,7,-,-,-,-,-,-,-,-,-,-,154,37,117,-,-,-,-,-,-,1,-,1,37,37,-,-,-,-,-,-,-,68,-,68,48,-,48
島根県,571,56,515,3,-,3,3,-,3,-,-,-,-,-,-,-,-,-,-,-,-,51,6,45,22,1,21,1,-,1,-,-,-,-,-,-,17,-,17,-,-,-,1,-,1,6,2,4,4,3,1,60,-,60,26,-,26,34,-,34,-,-,-,5,-,5,-,-,-,-,-,-,-,-,-,-,-,-,1,-,1,2,-,2,-,-,-,2,-,2,-,-,-,302,41,261,1,1,-,1,-,1,1,-,1,260,35,225,38,10,28,222,25,197,16,1,15,9,1,8,1,-,1,-,-,-,3,-,3,-,-,-,3,-,3,3,-,3,5,-,5,2,-,2,5,-,5,1,-,1,1,1,-,-,-,-,-,-,-,1,-,1,2,-,2,-,-,-,-,-,-,-,-,-,-,-,-,3,3,-,1,-,1,1,-,1,-,-,-,149,9,140,-,-,-,-,-,-,-,-,-,9,9,-,-,-,-,-,-,-,82,-,82,58,-,58
岡山県,1140,202,938,10,2,8,7,2,5,-,-,-,1,-,1,2,-,2,-,-,-,125,14,111,22,4,18,1,-,1,2,-,2,1,1,-,68,-,68,-,-,-,5,4,1,20,4,16,6,1,5,108,3,105,46,-,46,59,3,56,3,-,3,2,-,2,-,-,-,-,-,-,-,-,-,-,-,-,-,-,-,1,-,1,-,-,-,1,-,1,-,-,-,505,139,366,9,2,7,1,-,1,2,1,1,300,101,199,36,16,20,264,85,179,99,-,99,59,-,59,2,-,2,1,-,1,1,-,1,-,-,-,36,-,36,11,1,10,3,-,3,3,1,2,19,1,18,1,-,1,1,1,-,3,-,3,-,-,-,42,21,21,5,4,1,-,-,-,-,-,-,-,-,-,-,-,-,6,6,-,-,-,-,-,-,-,-,-,-,390,44,346,1,-,1,2,-,2,-,-,-,44,44,-,-,-,-,1,-,1,225,-,225,117,-,117
広島県,1606,454,1152,5,-,5,3,-,3,-,-,-,2,-,2,-,-,-,-,-,-,132,13,119,29,-,29,2,-,2,4,-,4,-,-,-,62,1,61,-,-,-,4,1,3,23,9,14,8,2,6,127,1,126,64,1,63,56,-,56,7,-,7,6,-,6,1,-,1,3,-,3,-,-,-,-,-,-,-,-,-,1,-,1,-,-,-,1,-,1,1,-,1,876,391,485,-,-,-,2,-,2,9,-,9,523,246,277,62,20,42,461,226,235,129,3,126,83,2,81,5,-,5,-,-,-,-,-,-,-,-,-,41,1,40,13,-,13,9,-,9,11,3,8,25,-,25,3,-,3,1,1,-,4,-,4,-,-,-,44,42,2,99,94,5,-,-,-,-,-,-,-,-,-,3,1,2,1,1,-,1,-,1,1,-,1,-,-,-,458,49,409,-,-,-,-,-,-,-,-,-,51,48,3,-,-,-,-,-,-,253,1,252,154,-,154
山口県,1027,186,841,7,1,6,6,1,5,-,-,-,1,-,1,-,-,-,-,-,-,81,11,70,20,4,16,1,-,1,9,-,9,-,-,-,37,-,37,-,-,-,-,-,-,14,7,7,-,-,-,71,-,71,48,-,48,22,-,22,1,-,1,6,2,4,1,1,-,2,-,2,-,-,-,-,-,-,-,-,-,2,1,1,-,-,-,1,-,1,1,1,-,403,146,257,4,1,3,1,-,1,1,-,1,264,85,179,1,1,-,263,84,179,31,-,31,21,-,21,2,-,2,-,-,-,-,-,-,-,-,-,8,-,8,10,-,10,2,-,2,3,2,1,10,-,10,1,-,1,1,1,-,5,-,5,1,-,1,26,17,9,3,-,3,-,-,-,-,-,-,-,-,-,-,-,-,40,40,-,1,-,1,1,-,1,-,-,-,457,25,432,-,-,-,4,-,4,-,-,-,22,22,-,3,3,-,-,-,-,293,-,293,135,-,135
徳島県,587,171,416,6,1,5,3,-,3,-,-,-,2,-,2,-,-,-,1,1,-,78,15,63,18,5,13,1,-,1,2,-,2,-,-,-,35,-,35,-,-,-,6,4,2,15,6,9,1,-,1,63,-,63,28,-,28,33,-,33,2,-,2,2,-,2,-,-,-,-,-,-,-,-,-,-,-,-,-,-,-,1,-,1,-,-,-,1,-,1,1,1,-,245,112,133,1,1,-,1,-,1,2,1,1,144,72,72,18,16,2,126,56,70,16,2,14,12,2,10,-,-,-,-,-,-,-,-,-,-,-,-,4,-,4,7,-,7,3,-,3,3,2,1,12,-,12,-,-,-,1,1,-,2,-,2,-,-,-,48,28,20,-,-,-,-,-,-,-,-,-,-,-,-,-,-,-,5,5,-,-,-,-,-,-,-,-,-,-,192,42,150,-,-,-,-,-,-,-,-,-,42,42,-,-,-,-,-,-,-,70,-,70,80,-,80
香川県,606,140,466,3,-,3,2,-,2,-,-,-,1,-,1,-,-,-,-,-,-,58,7,51,10,2,8,1,-,1,1,-,1,2,-,2,35,-,35,-,-,-,2,1,1,7,4,3,-,-,-,51,1,50,22,1,21,26,-,26,3,-,3,4,-,4,1,-,1,1,-,1,-,-,-,-,-,-,-,-,-,1,-,1,-,-,-,1,-,1,1,1,-,234,103,131,3,1,2,1,-,1,1,-,1,133,63,70,8,4,4,125,59,66,40,2,38,27,2,25,5,-,5,-,-,-,-,-,-,-,-,-,8,-,8,3,-,3,2,1,1,3,2,1,6,-,6,1,-,1,1,1,-,1,-,1,-,-,-,30,28,2,6,3,3,1,-,1,-,-,-,-,-,-,-,-,-,2,2,-,-,-,-,-,-,-,-,-,-,255,28,227,-,-,-,2,-,2,-,-,-,28,28,-,-,-,-,-,-,-,146,-,146,79,-,79
愛媛県,899,229,670,4,2,2,4,2,2,-,-,-,-,-,-,-,-,-,-,-,-,91,19,72,21,9,12,1,-,1,1,-,1,-,-,-,51,3,48,-,-,-,1,-,1,14,6,8,2,1,1,77,5,72,47,2,45,30,3,27,-,-,-,8,-,8,1,-,1,4,-,4,1,-,1,-,-,-,-,-,-,1,-,1,-,-,-,1,-,1,1,1,-,396,161,235,1,-,1,2,1,1,3,2,1,247,122,125,33,13,20,214,109,105,65,2,63,40,-,40,4,-,4,-,-,-,1,1,-,-,-,-,20,1,19,10,1,9,4,1,3,3,2,1,9,1,8,1,-,1,1,1,-,1,-,1,2,-,2,35,25,10,10,3,7,1,-,1,-,-,-,-,-,-,-,-,-,1,-,1,1,-,1,1,-,1,-,-,-,321,41,280,-,-,-,1,-,1,-,-,-,41,41,-,-,-,-,-,-,-,279,-,279,-,-,-
高知県,625,249,376,2,-,2,2,-,2,-,-,-,-,-,-,-,-,-,-,-,-,56,19,37,9,3,6,2,-,2,1,-,1,-,-,-,25,-,25,-,-,-,-,-,-,9,6,3,10,10,-,45,1,44,28,1,27,15,-,15,2,-,2,3,1,2,-,-,-,1,-,1,-,-,-,-,-,-,-,-,-,1,1,-,-,-,-,1,-,1,1,1,-,355,176,179,6,4,2,1,-,1,2,-,2,220,102,118,6,-,6,214,102,112,31,5,26,15,4,11,8,-,8,-,-,-,2,-,2,-,-,-,6,1,5,8,-,8,1,-,1,4,-,4,7,2,5,1,-,1,1,1,-,6,-,6,-,-,-,18,13,5,10,10,-,-,-,-,-,-,-,-,-,-,-,-,-,39,39,-,-,-,-,-,-,-,-,-,-,163,51,112,-,-,-,-,-,-,-,-,-,51,51,-,-,-,-,-,-,-,77,-,77,35,-,35
福岡県,3361,251,3110,7,-,7,7,-,7,-,-,-,-,-,-,-,-,-,-,-,-,200,11,189,33,1,32,3,-,3,25,-,25,-,-,-,100,-,100,-,-,-,6,-,6,33,10,23,-,-,-,212,1,211,131,1,130,78,-,78,3,-,3,15,-,15,2,-,2,10,-,10,-,-,-,-,-,-,-,-,-,2,-,2,-,-,-,1,-,1,1,-,1,1529,164,1365,9,4,5,6,-,6,12,2,10,983,97,886,111,2,109,872,95,777,302,-,302,248,-,248,1,-,1,6,-,6,20,-,20,3,-,3,24,-,24,21,-,21,10,-,10,11,3,8,45,-,45,2,-,2,1,1,-,7,-,7,-,-,-,17,5,12,59,8,51,-,-,-,-,-,-,-,-,-,2,2,-,42,42,-,4,-,4,4,-,4,-,-,-,1393,75,1318,1,-,1,12,-,12,-,-,-,74,73,1,2,2,-,5,-,5,1087,-,1087,212,-,212
佐賀県,731,67,664,3,-,3,2,-,2,-,-,-,1,-,1,-,-,-,-,-,-,58,6,52,11,-,11,1,-,1,1,-,1,-,-,-,25,-,25,-,-,-,3,-,3,17,6,11,-,-,-,42,1,41,19,-,19,18,1,17,5,-,5,5,2,3,-,-,-,3,2,1,-,-,-,-,-,-,-,-,-,1,-,1,-,-,-,1,-,1,1,-,1,299,53,246,3,2,1,1,-,1,2,-,2,178,26,152,35,-,35,143,26,117,65,1,64,43,1,42,7,-,7,1,-,1,3,-,3,-,-,-,11,-,11,5,-,5,2,1,1,5,2,3,10,1,9,1,-,1,1,1,-,1,-,1,-,-,-,8,5,3,9,6,3,-,-,-,-,-,-,-,-,-,-,-,-,8,8,-,1,-,1,1,-,1,-,-,-,322,5,317,-,-,-,-,-,-,-,-,-,5,5,-,-,-,-,-,-,-,298,-,298,19,-,19
長崎県,1055,148,907,4,-,4,3,-,3,-,-,-,-,-,-,1,-,1,-,-,-,86,3,83,29,2,27,1,-,1,6,-,6,-,-,-,32,-,32,-,-,-,-,-,-,14,-,14,4,1,3,75,2,73,44,-,44,31,2,29,-,-,-,2,-,2,-,-,-,-,-,-,-,-,-,-,-,-,-,-,-,1,-,1,-,-,-,1,-,1,1,1,-,509,85,424,5,5,-,1,-,1,1,-,1,372,28,344,45,2,43,327,26,301,32,-,32,21,-,21,4,-,4,-,-,-,3,-,3,-,-,-,4,-,4,11,-,11,2,-,2,5,2,3,13,1,12,1,-,1,1,1,-,3,-,3,-,-,-,20,17,3,11,1,10,-,-,-,-,-,-,-,-,-,4,3,1,27,27,-,-,-,-,-,-,-,-,-,-,378,57,321,1,-,1,1,-,1,-,-,-,46,46,-,11,11,-,-,-,-,228,-,228,91,-,91
熊本県,1523,143,1380,8,1,7,7,1,6,-,-,-,1,-,1,-,-,-,-,-,-,103,8,95,35,1,34,1,-,1,5,-,5,-,-,-,30,-,30,-,-,-,11,2,9,15,3,12,6,2,4,112,-,112,62,-,62,46,-,46,4,-,4,5,1,4,1,-,1,1,-,1,-,-,-,1,1,-,-,-,-,1,-,1,-,-,-,1,-,1,-,-,-,701,114,587,7,2,5,3,-,3,2,-,2,483,75,408,12,-,12,471,75,396,105,-,105,78,-,78,7,-,7,-,-,-,7,-,7,-,-,-,13,-,13,12,-,12,8,-,8,4,1,3,19,1,18,1,-,1,1,1,-,8,-,8,3,-,3,23,17,6,17,13,4,-,-,-,-,-,-,-,-,-,-,-,-,5,4,1,2,-,2,1,-,1,1,-,1,592,19,573,1,-,1,1,-,1,-,-,-,19,19,-,-,-,-,-,-,-,453,-,453,118,-,118
大分県,897,71,826,3,-,3,2,-,2,-,-,-,-,-,-,1,-,1,-,-,-,41,2,39,18,-,18,1,-,1,3,-,3,-,-,-,16,-,16,-,-,-,1,1,-,2,1,1,-,-,-,64,-,64,37,-,37,21,-,21,6,-,6,3,-,3,1,-,1,-,-,-,-,-,-,-,-,-,-,-,-,1,-,1,-,-,-,1,-,1,1,1,-,330,59,271,1,1,-,1,-,1,3,1,2,217,40,177,48,7,41,169,33,136,36,-,36,20,-,20,1,-,1,-,-,-,5,-,5,-,-,-,10,-,10,9,-,9,3,-,3,4,-,4,17,-,17,1,-,1,1,1,-,5,-,5,-,-,-,27,15,12,1,-,1,-,-,-,-,-,-,-,-,-,4,1,3,-,-,-,1,-,1,1,-,1,-,-,-,454,9,445,1,-,1,2,-,2,-,-,-,9,9,-,-,-,-,1,-,1,382,-,382,59,-,59
宮崎県,1138,144,994,2,-,2,2,-,2,-,-,-,-,-,-,-,-,-,-,-,-,70,7,63,32,2,30,1,-,1,2,-,2,-,-,-,19,-,19,-,-,-,-,-,-,12,4,8,4,1,3,59,-,59,30,-,30,28,-,28,1,-,1,4,-,4,-,-,-,1,-,1,-,-,-,-,-,-,-,-,-,2,-,2,-,-,-,1,-,1,1,1,-,481,136,345,5,4,1,2,-,2,1,-,1,270,30,240,42,3,39,228,27,201,26,2,24,20,1,19,4,1,3,-,-,-,1,-,1,-,-,-,1,-,1,10,-,10,5,-,5,4,3,1,14,1,13,1,-,1,1,1,-,2,-,2,-,-,-,44,13,31,14,-,14,-,-,-,-,-,-,-,-,-,-,-,-,82,82,-,1,-,1,1,-,1,-,-,-,520,-,520,-,-,-,-,-,-,-,-,-,-,-,-,-,-,-,-,-,-,493,-,493,27,-,27
鹿児島県,1245,66,1179,1,-,1,1,-,1,-,-,-,-,-,-,-,-,-,-,-,-,117,7,110,35,2,33,3,-,3,7,-,7,2,-,2,28,-,28,-,-,-,4,1,3,35,4,31,3,-,3,126,-,126,76,-,76,44,-,44,6,-,6,4,1,3,1,1,-,1,-,1,-,-,-,-,-,-,-,-,-,1,-,1,-,-,-,1,-,1,1,-,1,527,56,471,3,2,1,3,-,3,5,-,5,352,38,314,37,5,32,315,33,282,67,2,65,35,-,35,18,2,16,-,-,-,3,-,3,-,-,-,11,-,11,14,-,14,8,-,8,3,1,2,40,1,39,1,-,1,1,1,-,3,-,3,-,-,-,12,2,10,7,1,6,-,-,-,-,-,-,-,-,-,-,-,-,8,8,-,1,-,1,1,-,1,-,-,-,468,2,466,-,-,-,1,-,1,-,-,-,2,2,-,-,-,-,-,-,-,423,-,423,42,-,42
沖縄県,1438,101,1337,2,-,2,2,-,2,-,-,-,-,-,-,-,-,-,-,-,-,36,5,31,6,-,6,-,-,-,-,-,-,-,-,-,8,-,8,-,-,-,7,1,6,14,4,10,1,-,1,82,1,81,46,-,46,36,1,35,-,-,-,3,-,3,-,-,-,1,-,1,-,-,-,-,-,-,-,-,-,1,-,1,-,-,-,1,-,1,1,-,1,828,95,733,10,7,3,1,-,1,3,-,3,487,42,445,70,2,68,417,40,377,223,1,222,135,1,134,46,-,46,1,-,1,9,-,9,-,-,-,32,-,32,8,-,8,4,-,4,6,2,4,5,1,4,1,-,1,1,1,-,3,-,3,-,-,-,43,28,15,32,12,20,-,-,-,-,-,-,-,-,-,-,-,-,1,1,-,2,-,2,2,-,2,-,-,-,484,-,484,-,-,-,1,-,1,-,-,-,-,-,-,-,-,-,-,-,-,416,-,416,67,-,67
